likes.57,comments.69,likes.87,views.100,comments.168,likes.168
3989,363,4150,340500,376,4225
1584,61,1602,86643,61,1617
1163,166,1185,114530,170,1193
108368,7065,116325,18053077,7633,121472
1426,943,1475,395742,1035,1517
3593,146,3625,154882,149,3668
7057,662,7546,628881,708,7744
80754,4171,108111,16323817,5670,121730
10166,1001,10756,1942374,1115,11393
2322,72,2369,221202,74,2432
4801,213,4900,196826,230,4980
12444,752,12659,850533,768,12757
3629,172,3702,235342,175,3718
1635,72,1661,98745,72,1664
15453,1177,17253,2145066,1414,18379
1940,140,1958,83683,142,1963
1562,54,1625,100381,56,1631
3108,315,3130,165463,316,3135
12149,557,12447,904251,571,12579
5027,628,5159,461392,652,5251
675,42,692,67924,42,693
17737,275,18065,923594,281,18213
32595,1165,34076,3274034,1286,35020
197837,12977,210343,11920960,13907,217670
2590,677,2619,268371,688,2630
51624,2483,54123,5177564,2635,55207
2097,153,2130,215930,154,2142
8142,177,8207,382124,182,8248
6716,173,6767,342744,176,6793
3049,102,3056,107467,102,3062
2337,50,2346,139152,51,2351
8235,998,8772,1384612,1088,9072
3672,211,3694,143133,211,3713
859,64,863,91320,65,866
2599,294,2618,234718,299,2662
2547,171,2557,126484,173,2567
3002,154,3037,179347,162,3057
2526,65,2583,165102,69,2632
1391,114,1399,132302,120,1416
2080,330,2094,177744,332,2099
2121,623,2137,194742,627,2147
2028,797,2046,217523,801,2064
52301,12852,53986,12194937,13291,54798
4470,352,4487,195153,354,4512
3614,1485,3863,831304,1564,3951
3711,1353,3741,423510,1370,3753
7304,436,7377,387933,447,7434
3130,83,3150,102239,85,3164
13572,690,13867,973400,713,14300
1985,111,2009,153756,126,2145
699,397,701,92569,400,707
1406,80,1418,114705,84,1419
2086,194,2104,81225,194,2116
5890,526,5980,486198,540,6057
1006,100,1015,100751,103,1020
9681,315,9890,813540,329,10093
3579,422,3601,149443,429,3618
3921,428,3971,276687,444,4040
3990,272,4010,159098,275,4026
2598,426,2621,151563,428,2631
8585,337,8662,469818,347,8777
2759,51,2773,72378,52,2783
4003,646,4079,208505,701,4153
3598,837,3625,438208,855,3687
15841,502,15933,493285,510,15970
1597,143,1623,131913,221,2309
10477,1259,10638,1220928,1269,10777
2678,276,2694,147022,277,2714
4647,229,4675,261487,232,4704
3412,497,3483,482877,549,3650
3196,362,3220,199788,368,3235
2860,106,2890,127204,106,2911
6069,106,6123,174645,106,6135
1895,109,1920,110553,110,1926
1965,410,1978,204447,412,1983
4249,419,4283,160547,428,4321
6493,863,6583,705625,897,6645
10325,335,10395,404458,339,10446
4443,191,4493,250949,195,4510
7900,471,7984,521486,479,8029
9113,1955,9328,1013718,1996,9458
1240,122,1246,115168,122,1249
1495,133,1517,133592,167,1553
11267,717,11647,915334,786,12297
2995,114,3019,191095,115,3057
2134,127,2151,177673,127,2189
20455,1892,20582,800373,1916,20650
707,84,712,60154,84,714
2894,467,2904,266205,473,2931
1887,133,1894,110361,133,1900
1676,515,1706,258287,543,1782
2709,191,2737,203891,195,2760
2100,125,2138,88902,125,2147
1104,355,1106,169483,359,1115
2853,263,2871,186433,269,2900
536,51,539,50859,51,540
5471,293,5621,249830,308,5737
92234,11401,94461,12735629,11627,95282
841,83,843,85404,83,848
6001,275,6300,436118,337,6873
1129,53,1139,89201,54,1146
1856,63,1868,93512,63,1873
3164,122,3186,100203,123,3209
619,99,620,75967,100,626
2024,137,2029,185422,137,2033
3722,535,3740,203472,538,3747
1162,1239,1378,572944,1492,1824
3210,150,3236,143871,154,3260
4146,463,4163,302461,468,4182
480,45,486,38419,46,494
16041,620,16172,565541,631,16248
24594,2330,25644,6777722,2433,26301
12273,3379,12574,2191264,3477,12764
2801,148,2907,241991,165,3178
2334,98,2372,128009,102,2409
1188,119,1204,94593,121,1214
663,22,669,51763,22,670
39568,1720,41040,2742701,1813,42560
2157,204,2190,124581,208,2202
10626,283,10841,326187,295,10989
5934,1241,6019,630072,1280,6095
5428,923,5594,317949,1030,5894
1394,327,1462,217632,362,1540
1379,180,1416,95058,183,1423
2007,58,2035,125164,59,2049
1918,113,1936,135151,114,1942
2132,56,2137,53813,56,2142
665,99,673,90546,99,675
4417,791,4438,463237,798,4456
3838,311,3851,222987,312,3863
13256,372,13573,766430,393,14076
1808,86,1811,88402,86,1820
3415,594,3425,232539,599,3440
8607,155,8635,267964,155,8654
2423,106,2438,119681,108,2453
31383,1238,31750,1265194,1264,32070
12689,431,13075,820455,450,13377
1513,70,1517,115631,70,1522
4726,223,4777,233218,229,4835
647,123,653,86150,124,657
10788,363,10958,627781,371,11069
1117,72,1119,62555,73,1122
7473,816,7513,1089595,827,7547
691,84,698,88534,84,700
2993,96,2998,164777,98,3017
3673,322,3687,364401,323,3701
8473,411,8498,249579,419,8529
5672,842,5897,915411,916,6168
674,130,678,51018,130,680
2651,491,2679,251498,496,2698
2080,82,2101,134238,84,2113
12581,598,13076,662608,633,13310
929,35,938,39688,38,953
2127,147,2135,109210,151,2179
1007,55,1010,106892,56,1020
4511,457,4555,345952,524,4763
1677,235,1689,179075,250,1724
17083,428,17359,1007460,443,17688
13663,581,13970,518454,600,14209
6358,313,7238,1121446,422,8553
2546,231,2609,234731,264,2708
4639,166,4682,249735,168,4712
4244,582,4306,409048,597,4392
6822,510,7819,2274946,645,8515
470,71,473,59534,71,475
1066,24,1099,47792,25,1118
4519,136,4553,173120,137,4585
1977,388,1997,216001,398,2026
9248,604,9473,904305,664,9896
2719,99,2956,258646,118,3338
2863,390,2884,240991,391,2903
3336,381,3596,486454,486,3995
1659,196,1681,163128,199,1688
8387,270,8480,355232,274,8551
1748,182,1765,157585,184,1779
2027,92,2062,100294,94,2081
610,56,632,100339,56,639
2251,87,2364,146830,90,2423
1080,130,1098,91247,133,1106
1114,284,1133,150544,286,1146
35275,1570,43327,7645917,2243,53212
1354,202,1369,98593,209,1391
3867,120,3934,433547,125,4020
771,22,778,59654,22,790
8966,10119,9122,2164957,10337,9230
1195,35,1199,76016,36,1205
3512,229,3544,185749,242,3694
2757,291,2774,180592,291,2778
12527,1213,12842,1874161,1259,13106
8462,300,8620,387605,308,8750
6470,166,6574,278839,166,6616
5223,152,5381,611216,159,5524
2802,113,2842,174201,114,2874
2044,180,2068,199310,180,2085
1935,512,1981,229697,520,1993
1816,117,2182,249171,127,2262
7344,316,7484,575399,346,8011
1315,149,1331,93160,150,1339
9132,425,9409,452012,444,9599
9533,2619,10494,1811118,3110,11613
3356,2303,3554,1142093,2667,3837
10983,569,11774,1776396,652,12580
7679,951,7791,596873,964,7949
8248,461,8341,367863,469,8448
2618,170,2661,288664,176,2713
909,63,921,116424,64,926
5877,775,5970,751975,789,6020
2056,259,2238,302654,279,2303
1164,254,1186,204055,260,1191
11398,1423,12699,1922543,1773,14011
2813,805,2838,338483,816,2862
3220,219,3248,210875,227,3272
2599,96,2636,176205,96,2684
2503,186,2534,270151,188,2549
278745,68190,304507,58122700,75236,323585
1064,144,1073,157594,144,1077
5711,295,5734,168665,296,5745
7442,645,7524,514792,656,7578
689,196,702,117306,198,710
3045,953,3082,278665,958,3091
10351,362,11248,900443,438,12297
3029,250,3095,227864,256,3109
2591,188,2618,104357,188,2621
6185,250,6286,308953,257,6421
1977,374,1999,123713,378,2007
7128,471,7334,548669,480,7427
2244,384,2286,190388,390,2301
3391,230,3457,266699,238,3489
6466,202,6539,557060,208,6601
9690,396,11475,1228287,623,17560
1003,83,1026,80725,84,1049
5682,597,5721,511094,599,5736
1262,102,1265,70462,102,1265
3163,758,3180,180725,762,3188
6109,344,6240,468108,359,6397
2192,119,2201,126703,121,2225
2937,174,2953,214093,174,2960
3048,394,3067,301797,398,3097
4874,76,4977,450867,77,5055
2056,145,2089,301231,149,2115
949,88,965,55230,89,971
6395,646,6487,641512,666,6585
1978,265,1984,169585,271,2004
762,73,766,67757,73,774
1321,28,1334,76723,28,1343
1272,601,1283,221300,620,1313
1700,229,1710,193138,231,1725
2974,185,3000,159540,189,3022
3068,262,3082,274294,264,3090
3009,59,3051,238263,59,3089
3009,117,3102,180956,122,3140
13244,305,13354,479834,310,13441
341,164,343,45201,166,346
1895,96,1914,297719,97,1936
5502,564,5540,539497,583,5621
1652,98,1671,138914,98,1681
759,105,762,85716,106,765
6245,295,6274,345094,297,6320
4395,1204,4509,511366,1261,4617
942,91,951,75077,91,989
3396,411,3440,300075,420,3504
5453,240,5626,525274,247,5717
16206,4246,16402,1382568,4282,16489
9252,808,9457,768603,824,9691
9507,454,9689,794975,471,9991
10510,913,10635,938978,929,10735
19984,1938,20121,2123263,1975,20389
16110,3121,16432,1576850,3197,16859
19842,1840,22593,1486062,2089,25923
49876,6110,52079,3879352,6519,53847
8791,1358,8909,621876,1375,8996
16417,2822,17227,1475741,2976,17765
7875,1019,8018,770467,1044,8093
8203,807,8353,804075,827,8447
44484,6754,45373,3440147,7077,46311
11293,1317,11696,964805,1428,12368
5524,744,5651,739650,759,5724
14828,685,15040,1183768,703,15281
20494,8558,21366,2026752,9236,22101
37276,9818,38375,2916343,10337,39222
4353,273,4447,586154,278,4494
13473,2272,13689,1033030,2312,13829
29158,1458,30394,1354611,1575,31399
20988,2374,21214,1460937,2440,21351
5276,1634,5322,804667,1644,5341
17751,1251,18351,1218388,1366,18894
85676,18175,91095,12678445,21044,97037
26342,8370,26676,3688070,8583,26944
28260,1633,28816,1486892,1707,29390
48550,2051,49107,2586074,2131,50132
14954,2145,15156,1462197,2209,15314
28420,2473,28923,2381690,2577,29878
115838,8698,119618,11167718,9197,121901
15744,2221,15887,1356950,2252,16310
12928,1479,13162,1116668,1588,13504
3775,501,3801,508506,509,3831
20153,3402,20509,1489905,3533,20973
51137,2252,51955,2634698,2409,53805
80706,16768,83582,7347707,18800,90378
14619,3666,14910,1507749,3842,15521
4045,224,4078,479465,226,4109
10291,1238,10545,1204096,1289,10808
16488,2077,16655,1239291,2123,16994
2515,336,2585,395259,345,2639
7255,402,7393,766868,415,7543
38337,4627,39445,4190209,4998,41530
15137,1332,15669,1621221,1604,18005
10362,1330,11873,1457598,1509,12749
21395,1660,22090,1949941,2006,25006
12754,727,12902,1221202,737,13027
2929,360,2966,597223,370,2992
13699,2622,14203,1175580,3198,15852
15316,699,15604,1069753,753,16385
4422,440,4456,438476,450,4502
866,83,878,183279,87,897
8455,1828,8540,775844,1876,8664
7405,2267,7498,764087,2323,7667
13467,2072,13572,829854,2116,13697
23768,6100,24855,3781609,6703,26120
7571,608,7701,617956,631,7838
1947,220,1980,371903,221,1995
4207,177,4299,608668,187,4364
6710,459,6797,826508,469,6878
18382,2425,18761,1271599,2596,19769
35847,1128,36215,2123070,1162,36851
5345,337,5416,883963,369,5622
36997,2463,39644,2391635,2688,41219
3732,256,3797,661712,256,3832
9563,990,9787,1253559,1034,10166
5737,385,5833,655094,389,5879
37749,2292,38608,2152241,2366,39519
181092,21661,185152,17340576,22618,190400
13112,5371,13588,1743100,5723,14058
73924,4523,76655,6508790,4850,79072
11167,1478,11756,817277,1582,12187
179435,35255,199748,33802824,41732,216630
8669,440,8982,1339793,467,9543
9791,1532,10193,1238972,1597,10558
169221,11668,186584,13795413,13822,202506
11708,1495,11909,794552,1531,12024
2748,452,2844,473290,462,2886
27527,7053,28506,3141808,7439,29950
201152,49962,214543,27584003,56738,231188
21089,14429,21836,4276365,15755,23154
18499,2403,20347,2284973,2833,22328
53680,4018,57833,4598882,4745,63177
36837,5319,37593,2536268,5461,38159
29722,1747,31754,3295269,2153,37071
13405,4584,13860,1685465,4975,14292
11776,5257,12540,2371149,6377,13831
4374,1025,4425,514753,1038,4449
6972,328,7161,687519,337,7211
22348,941,24083,1359416,1054,25211
17503,11072,17899,1617665,11430,18115
8988,284,9201,1068261,291,9336
5462,226,5530,914821,232,5592
8362,986,8533,1247892,1056,8934
62170,6945,63873,3540377,7318,65954
14229,4748,14391,1560583,4830,14560
22749,3249,23041,1800265,3348,23434
17358,1374,17550,1473460,1435,18144
1807,103,1825,233969,104,1841
17309,686,17514,1580318,693,17795
13430,1989,13534,1566433,2007,13619
9498,4244,9658,739674,4288,9712
16537,1390,17123,2080162,1463,18093
14270,2877,14420,936413,2925,14539
15594,2097,16523,1207949,2303,17517
13779,5276,14653,1299777,5788,15506
7413,512,8436,730493,613,9813
7055,691,7127,551276,693,7163
7887,619,8067,888088,630,8169
11016,2192,11301,1141419,2233,11440
3281,273,3326,379504,276,3358
3944,501,4029,524101,504,4075
27990,1347,29290,2204829,1429,30469
6408,1040,6623,933058,1091,6966
18132,2267,19252,1584117,2688,23501
15736,2161,16734,2287175,2932,20879
10635,917,10882,773937,941,11152
126675,55927,132832,19942263,59912,138734
5655,800,5727,590515,805,5764
9556,1076,9841,1364699,1100,10058
11005,1374,11127,1171100,1391,11181
19248,3070,19739,2769270,3363,20699
38323,9552,39475,2888454,9981,40524
15121,2042,15466,1160021,2084,15693
26416,3348,27121,1580260,3683,28540
84110,5567,87371,4378588,6189,94082
12377,1640,12648,1577629,1711,12886
6797,130,7002,1080033,142,7204
6357,618,6490,658310,669,6724
9315,653,9565,689313,679,9677
22750,5560,23050,1213494,5682,23248
28872,4294,29289,2049316,4526,30084
9112,641,9210,826111,646,9269
2616,1092,2691,423310,1133,2753
20059,2340,20632,1357249,2429,21070
31105,6730,32029,3499523,7037,32636
28049,3180,30470,2695147,4077,35041
11643,3397,11884,1312472,3457,12036
10169,696,10328,871116,717,10427
2394,205,2549,528657,216,2684
58730,7002,61431,3842353,7443,64096
5263,1983,5449,1115251,2017,5510
2479,164,2558,647562,166,2609
18027,1672,18323,1371911,1689,18451
18779,2752,19785,2583552,2932,20412
27099,8206,27681,2758003,8465,28266
9704,955,10142,1207900,995,10356
116785,22860,122930,17357433,24493,129432
5769,488,5976,988784,491,6086
7816,1044,8276,1082260,1087,8466
9900,2216,10242,1617796,2325,10703
44682,3744,45560,2515460,3846,46143
37334,5053,38474,2772367,5260,39224
23646,2394,24196,1473004,2452,24569
11729,1146,13024,1047302,1243,13928
33942,686,34884,1460285,704,35500
12360,1262,13641,1670851,1719,16279
27634,1585,28688,1919623,1705,30978
73688,15071,80357,5460197,16800,83834
9829,1170,10089,1157836,1200,10243
27424,1911,30655,2223176,2339,35229
16058,3758,16575,1373482,3894,16804
23925,1647,28255,3180788,1991,30790
14549,888,15041,2204337,952,15940
15965,1832,16495,1751165,1929,16798
30228,6866,31534,1864823,7415,32338
19304,2081,20220,1842733,2176,20522
109562,25852,118556,8604450,30612,134339
8854,1172,9663,1340889,1203,9730
18776,940,19299,1479944,982,20037
6351,1699,6618,829378,1759,6845
47291,16800,48793,2808886,17506,49783
69513,3252,72239,4493092,3441,75271
52345,5385,53115,3229439,5515,53804
26856,5275,27430,2041186,5413,27800
32923,1189,33740,1697255,1200,34089
11710,833,12234,1122191,871,12538
8468,1146,8573,1147769,1160,8667
35847,3266,37071,1992491,3503,38855
2750,319,2798,706662,323,2830
5015,388,5120,957011,397,5214
7565,791,7972,711375,846,8236
83860,22697,88981,16752613,24633,95110
5824,577,5948,867677,583,6010
8475,779,8638,572869,796,8803
12751,4575,13407,2791296,5107,15657
10277,2552,10576,1708488,2907,11700
56368,2021,58851,4852522,2188,63369
4252,1639,4403,1120201,1706,4718
78895,1063,80720,2111311,1174,84761
154197,2708,156213,3767063,2950,162068
187958,3272,190091,4262348,3524,197665
85870,908,87281,2274914,971,90083
291345,15722,297066,7437616,17514,311753
29007,266,29679,1323236,289,32182
246943,5082,252879,5957193,5524,261105
56015,634,58600,1679779,700,61844
93484,44882,94349,1839137,44911,97820
210288,3436,211431,5198583,3718,221180
131059,3286,133367,4582514,3625,138507
181606,3626,185401,5481586,4002,193798
197513,9628,201003,4616428,10483,209292
11568,112,12383,672506,119,13336
106126,1949,108335,4125187,2077,111216
32571,268,32963,1428703,273,35592
177528,2244,180584,4671628,2466,188284
104477,1559,105817,2974690,1641,109212
152853,2627,154164,3798675,2813,158909
65149,1007,66686,2461255,1074,68424
39568,655,40361,1538633,714,42266
196882,5748,206001,7927865,6864,221870
589,20,601,116554,22,620
51,0,55,1290,0,58
133,73,143,76309,76,148
85,4,92,54691,4,94
259,22,270,153696,24,287
339,33,397,139278,61,647
30,3,31,3082,5,32
151,0,154,2419,0,158
29,2,42,22110,6,58
37,1,37,1066,1,42
277,175,584,79270,632,1383
33,2,33,2648,3,34
113,31,157,56941,80,347
39,1,42,1072,1,44
148,18,222,59262,48,481
505,65,653,175217,79,701
136,4,139,2543,4,140
46,0,48,1359,0,50
41,3,44,7485,4,74
91,0,93,1876,0,97
62,2,64,1689,2,64
27,1,155,19972,23,1036
72,8,152,58305,20,301
54,6,54,1895,6,56
62,7,79,35681,11,121
30,9,31,1129,9,31
52,0,52,1348,0,53
60,1,63,1509,4,88
47,3,58,8137,7,75
61,4,87,20203,48,196
47,2,47,1394,3,52
27,5,41,39515,9,64
402,30,440,83466,35,487
25,0,46,3099,0,56
88,3,180,32368,25,271
25,3,35,2548,3,36
31,4,47,3402,6,50
1331,195,1378,365264,200,1408
4658,1936,4679,874742,1936,4685
68,2,69,2646,3,70
398,41,404,33507,41,406
154,30,164,7337,33,177
73,1,74,3021,1,77
27,0,27,1246,0,27
97,11,143,139454,20,207
61,0,61,1364,0,63
85,7,86,3819,7,87
55,0,58,1637,0,59
67,20,96,17869,39,129
63,13,63,22359,14,67
13,0,13,710,0,16
25,1,25,7899,1,25
2822,498,4809,1127068,1131,9337
55,4,60,2398,6,78
40,2,46,6721,3,51
45,0,46,5908,0,51
54,3,58,8419,6,112
23,0,23,1283,0,23
351,73,631,45198,221,1396
23,0,23,1383,0,23
6,0,6,867,0,6
4045,208,7174,343597,420,11612
311,23,377,70302,35,724
21,3,21,2420,3,22
21,1,21,1601,1,23
24,1,24,1513,1,25
25,3,25,1145,3,25
1072,182,1926,404414,591,4423
39,1,39,1714,1,41
16,0,16,2643,1,30
33,3,35,1498,6,44
19,1,20,1374,2,25
23,1,23,2309,4,31
34,1,35,1753,2,133
20,0,21,1339,1,22
13,0,13,805,0,13
193,10,200,154600,10,207
38,2,39,2725,2,40
281,7,281,67395,7,283
31,0,32,3040,0,32
82,1,82,30466,1,82
290,8,292,50311,8,298
30,0,31,18231,0,33
37,0,37,2383,0,42
173,5,173,9874,5,176
190,6,190,15128,6,196
28,0,33,2617,0,42
51,4,56,5058,5,76
81,0,83,1777,0,86
343,58,476,193761,160,796
78,1,171,30492,6,500
773,103,1731,81429,314,3889
36,3,39,3170,3,40
137,2,175,23606,4,186
275,7,280,11747,7,287
452,19,460,25993,19,478
63,7,64,3388,8,69
47,5,49,3501,5,55
87,16,89,6799,16,92
287,29,320,35385,32,349
198,7,207,9288,7,215
38,0,40,4016,0,41
233,4,237,12169,4,240
114,4,118,4505,4,120
188,20,232,25132,26,434
440,18,454,22841,23,478
82,0,88,8795,0,90
132,29,138,18562,30,152
206,19,206,6077,19,211
128,8,128,4716,8,130
74,5,77,5919,5,80
53,7,53,6193,7,53
115,13,116,4693,14,120
51,0,51,2725,0,55
14,4,14,1917,5,16
92,4,93,6081,5,119
118,4,119,6884,4,124
124,37,130,8680,37,137
1593,296,1601,144324,296,1612
8476,1860,9163,1634542,2296,10196
6281,499,6436,527029,589,6790
9760,2251,10206,1073209,2754,11431
2588,174,2599,112692,175,2624
2168,250,2185,144826,258,2223
1351,177,1368,110109,181,1390
1213,124,1235,63667,131,1258
9277,474,9490,698367,485,9623
3471,457,3499,252097,469,3528
29913,5527,35210,4435948,7534,42424
8647,607,9646,1395476,787,10723
2247,133,2268,132697,137,2300
7160,361,7235,387621,381,7476
8858,215,8903,320404,223,9201
2380,448,2406,181138,538,2693
3996,208,4019,194109,211,4048
11532,805,11898,876332,889,12346
4123,188,4210,147796,205,4288
5551,112,5974,189214,121,6166
1077,133,1086,62522,138,1107
2629,256,2660,118836,268,2704
2153,289,2178,141890,294,2194
2928,187,2991,110324,196,3021
1220,23,1239,80815,23,1248
4012,514,4136,381081,532,4188
2408,176,2429,198270,176,2457
835,105,845,40629,106,854
548,91,555,109678,92,558
782,89,794,88898,93,814
4186,659,4267,267887,677,4304
3563,98,3596,121890,98,3624
3737,345,3757,377005,349,3779
14072,766,16090,1864466,1098,22155
2281,253,2289,157956,254,2297
5045,830,5078,507383,840,5105
3494,103,3520,167258,103,3543
645,138,649,104389,139,654
3362,262,4025,1114190,492,6005
6126,260,6182,279147,265,6268
8914,2368,8964,671555,2374,8988
2959,377,2981,143521,384,3012
6457,1080,6594,2285241,1146,6847
1941,88,1956,132004,88,1975
4131,529,4154,330308,540,4190
49523,5003,57999,8208806,6677,69341
1667,74,1683,183754,74,1693
8436,2986,8739,1249704,3224,9048
1325,99,1332,131351,102,1344
2471,272,2505,165311,283,2540
530,90,537,111185,92,557
2817,707,2836,175854,710,2858
20795,1689,23018,3201340,2182,26053
2703,277,2715,147322,280,2729
34401,3207,35641,5720987,3678,38754
7512,528,8134,1891780,613,8717
5097,396,5133,173132,403,5162
2688,159,2704,164260,160,2721
6418,836,6611,588037,952,7154
5671,389,6020,491989,822,9145
2216,484,2428,144753,536,2648
3167,231,3193,283985,235,3212
4857,204,5327,315795,338,7045
2780,928,2946,783127,1160,3326
1358,117,1372,98120,120,1382
910,21,921,40690,21,928
13984,636,15744,1425450,868,18424
2468,220,2479,151284,222,2488
7359,191,7422,236913,194,7460
3570,121,3628,165270,133,3966
2800,357,2893,227842,458,3633
1264,78,1287,64604,80,1304
1282,41,1312,156872,41,1325
2542,99,2563,82085,100,2573
3904,198,3937,149481,200,3951
1487,277,1524,237874,342,1685
3705,186,3981,158648,207,4217
2518,518,2605,437614,570,2695
7073,342,7326,419906,393,7898
1123,94,1132,147139,95,1134
1943,141,2232,184627,197,2883
3398,143,3471,272525,150,3508
60746,3712,67583,10569966,4033,70001
2777,559,2811,230916,567,2829
1608,256,1624,224510,262,1658
7993,365,8020,338267,367,8047
1334,123,1341,126595,124,1347
2322,150,2337,104830,193,2368
4627,950,4768,1030974,1015,4876
1119,64,1133,76150,67,1159
665,63,673,65758,63,676
3284,100,3303,114369,100,3323
746,201,749,118670,203,751
1068,40,1071,80234,40,1078
1711,357,1713,116066,359,1725
1371,66,1384,78724,68,1396
2191,637,2331,251186,775,2463
2373,579,2468,227170,646,2572
2061,217,2075,235281,229,2106
9665,1827,9880,1401455,2013,10476
1721,280,1729,216346,282,1739
2236,496,2264,224175,498,2280
1084,144,1089,79012,147,1094
1375,74,1387,156418,74,1410
2639,310,2650,159856,311,2662
535,301,541,68710,305,546
2722,328,2741,174630,332,2754
1105,72,1114,94350,72,1120
5895,458,5958,345492,510,6140
1101,228,1113,84828,231,1127
1178,62,1201,36544,62,1225
1354,37,1369,26639,37,1384
2846,150,2863,215604,152,2882
16144,3775,20348,4320957,6281,27645
4087,175,4123,150855,179,4155
2223,128,2256,91047,129,2290
6631,704,6714,513898,783,6986
710,327,712,111446,330,715
956,251,963,128906,256,967
4176,393,4205,434594,401,4226
934,167,941,157627,167,947
1373,372,1379,91592,380,1403
9084,364,9121,229138,371,9144
5115,293,5167,204452,294,5204
12264,279,12456,500553,304,13339
3158,252,3178,175043,252,3198
1403,97,1410,152187,97,1421
3755,245,3793,241005,251,3819
3390,302,3457,236215,361,3807
1289,93,1299,43456,94,1305
2496,227,2503,150353,230,2513
4202,448,4276,235436,458,4310
2771,601,2802,205598,613,2816
8372,1790,9068,1481609,2426,10398
13938,1494,14336,1973679,2013,16190
8280,337,8472,418363,365,9251
4991,477,5022,338140,478,5027
4524,182,4547,97583,184,4581
2872,210,2885,158966,213,2895
1947,305,1962,170575,306,1977
1567,177,1605,238515,200,1723
2622,213,2634,191933,216,2648
4381,184,4472,388134,188,4545
4069,496,4086,202863,499,4106
1069,252,1076,59255,254,1078
2950,92,2963,95243,95,2977
6856,219,7017,280483,246,7537
5932,196,5985,277905,203,6080
1797,169,1806,137583,171,1815
6431,438,6678,450122,485,6890
2963,346,2983,174463,354,2999
5762,674,5988,707856,844,6524
1410,60,1417,142740,61,1429
4462,84,4527,230699,90,4725
5488,702,5582,640821,729,5646
8580,173,8650,337031,176,8692
7008,776,7371,920434,938,8071
3332,236,3511,203230,264,3856
1768,62,1794,71872,63,1810
2247,119,2256,93782,123,2266
3448,191,3473,157181,192,3496
81683,4457,108386,11784905,6587,137578
4603,903,4630,370192,913,4645
1130,155,1138,102745,157,1139
4322,797,4367,368849,823,4422
1329,128,1334,132729,128,1343
4071,457,4106,416467,471,4143
5129,1056,5158,493789,1068,5184
1859,180,1862,170804,180,1863
943,72,946,69640,74,954
9259,1085,9481,1081726,1116,9572
725,87,731,99431,92,735
1568,165,1572,130697,167,1581
2018,287,2026,237231,288,2041
14426,1459,15893,1929891,1773,18627
2003,102,2013,85092,103,2033
7996,259,8100,609450,266,8208
2092,120,2104,139923,126,2173
6064,287,6088,243932,294,6129
8184,268,8314,363826,276,8407
802,115,810,130409,126,839
1073,300,1080,99943,300,1086
894,29,901,39851,30,909
1698,147,1703,229793,147,1734
941,43,948,99784,43,952
3230,665,3252,197899,683,3283
4279,297,4303,274056,298,4319
5350,1540,5442,622646,1587,5502
7065,698,7162,568648,716,7333
2032,758,2123,291867,811,2220
7393,411,7505,308932,430,7638
1659,397,1672,162925,407,1691
2627,302,2648,128927,306,2664
2538,107,2554,207082,108,2570
3552,423,3579,301333,436,3626
5023,330,5072,278901,338,5094
2034,446,2042,140619,450,2050
2541,424,2556,162820,428,2560
2866,652,2912,416359,708,3034
1584,116,1605,49140,116,1617
5573,1798,5722,1243336,1901,5844
1957,258,1987,165694,264,2015
3301,58,3331,204091,58,3351
946,35,953,67184,36,958
2033,286,2049,135720,290,2056
1095,248,1103,121468,248,1105
1257,137,1269,204813,138,1278
3904,103,3928,137506,104,3940
2082,108,2097,194038,108,2105
3996,974,4024,303242,986,4037
64116,3342,70730,6500929,3936,75489
1702,98,1711,78253,99,1723
2470,180,2478,160187,182,2497
4441,343,4459,188652,344,4476
4569,290,4641,266487,299,4696
3539,428,3620,414664,458,3819
9860,781,10220,975348,837,10470
7985,297,8476,621952,325,8946
3914,175,3958,108839,177,3994
3826,420,3887,172304,428,3923
4817,98,4848,186253,99,4873
2440,293,2458,193568,302,2490
5132,142,5171,148684,144,5203
2169,73,2174,110800,76,2179
2393,174,2414,134137,176,2432
3948,134,3978,192682,137,3991
7145,441,7189,280343,448,7219
5694,177,5807,324496,180,5840
1715,199,1721,197125,201,1726
12709,676,13263,430589,942,14930
2658,462,2667,257204,465,2678
5501,296,5533,239988,301,5583
1694,111,1716,253239,112,1731
33858,4912,34666,3518389,5030,35201
19797,1043,21099,1623159,1177,22514
5739,1920,5882,685043,2034,6077
1080,518,1116,206337,548,1161
12171,1020,13103,1525556,1143,13755
8427,185,8545,296414,194,8634
2036,432,2066,313037,451,2127
4739,1107,4795,622925,1144,4887
33006,4163,36258,7847786,4924,40789
9814,3403,10284,971302,3815,10753
3235,162,3260,121332,162,3285
10406,557,10521,598534,596,10803
1121,42,1126,87839,42,1135
4200,396,4212,274966,399,4234
9104,179,9167,270591,180,9210
26657,894,26804,711091,908,26907
29500,3130,33294,4747118,3698,37433
3511,1035,3531,314110,1046,3548
27869,1820,29480,4696938,1973,30829
1264,291,1268,130260,295,1273
2690,542,2706,225167,543,2713
3964,256,4021,332942,258,4067
2606,295,2643,182439,314,2780
2119,176,2134,196299,178,2150
1586,186,1606,149107,189,1622
3377,54,3405,260992,54,3417
4333,363,4368,227164,370,4389
6391,346,6517,354169,359,6665
2611,1354,2718,442191,1691,3121
3038,314,3066,227884,320,3121
7329,2166,8878,1256105,2716,10451
4532,100,4578,164464,105,4607
2259,381,2280,206343,381,2295
1324,325,1337,150369,326,1344
3575,199,3613,116604,201,3630
905,57,914,172460,58,920
16546,4365,18124,2589529,5066,19413
3351,158,3371,200712,162,3396
23776,2480,25209,3038412,2662,26007
1402,381,1411,148374,382,1426
10465,789,10677,529964,811,10989
7992,2375,8502,1589560,2714,8968
7724,406,8135,1014481,444,8368
5517,188,5541,267531,191,5568
1851,162,1858,104574,165,1873
2976,282,2997,314385,285,3021
6351,694,6535,890685,766,6781
758,38,764,68891,39,769
4468,146,4546,152814,152,4591
2121,431,2129,166480,434,2140
25354,1624,26138,4051107,1701,26478
2908,597,2932,234444,600,2951
3035,215,3056,165437,216,3085
15844,450,19816,851678,665,25281
3599,332,3611,129655,338,3621
1919,435,1956,283478,446,1994
4706,73,4729,226031,73,4759
685,134,687,93622,136,689
3072,287,3108,250036,292,3136
1465,48,1476,103038,48,1483
7477,165,7532,420746,173,7616
6726,933,6786,761041,939,6825
3488,193,3500,181096,193,3517
6074,231,6144,213419,244,6291
1197,109,1203,152571,110,1209
5064,403,5093,329382,407,5111
2511,142,2526,135858,144,2548
3184,105,3198,166940,105,3210
4916,213,4983,250511,215,5033
6111,295,6144,245295,300,6186
1991,717,2006,196141,722,2015
2375,123,2405,116467,128,2422
6083,291,6139,280080,295,6176
4044,91,4074,126253,97,4190
1662,141,1677,132857,141,1684
2693,571,2755,413626,608,2808
2636,67,2672,136935,67,2682
1236,169,1244,128653,169,1246
1001,135,1007,155296,136,1017
1204,109,1212,116230,109,1214
3280,221,3386,290370,232,3483
6585,266,6617,195817,268,6629
2086,84,2095,103076,84,2099
1090,206,1094,115855,207,1099
2005,163,2048,142739,173,2119
927,33,933,91075,33,941
1020,114,1030,95612,114,1033
3714,82,3750,122543,84,3770
1129,22,1142,110665,23,1149
3127,72,3147,174904,73,3164
1159,249,1162,121526,255,1197
1768,168,1781,146083,169,1784
1613,317,1620,135030,319,1624
6551,571,6578,400145,573,6595
2825,1498,2835,328746,1507,2842
51459,20080,53485,14887761,20962,55082
2680,1178,2713,330811,1281,2811
2081,508,2096,249322,529,2189
1801,129,1807,158164,129,1813
2162,148,2173,145523,149,2183
3795,134,3805,200326,134,3814
788,63,791,85452,63,795
9535,201,9583,214905,202,9615
2065,236,2072,151497,237,2078
1596,32,1598,70499,33,1602
2674,227,2687,186902,228,2696
2445,158,2461,161945,162,2489
1223,435,1230,122421,436,1233
6784,430,6809,251782,437,6897
2430,45,2448,150676,45,2460
3121,1061,3159,335009,1085,3182
2179,85,2189,106783,85,2194
8100,728,8298,514838,762,8388
6425,400,6448,216268,403,6460
5713,426,5738,223796,428,5768
2025,155,2036,142254,155,2043
936,72,938,72457,73,938
1683,189,1691,230883,191,1700
7459,413,7491,388082,417,7507
3081,410,3098,149676,410,3113
14285,1878,14831,1932661,1939,15015
5481,2222,5941,2021366,2841,6824
14550,642,15229,1209133,751,16798
6028,472,6055,305573,474,6070
2889,243,3150,419716,329,4055
2835,110,2866,207288,110,2876
14687,305,14817,959898,319,14959
893,61,897,80639,61,901
2591,807,2599,149625,813,2605
2085,54,2101,93300,54,2109
3207,326,3221,292037,329,3228
4732,438,4756,346610,468,4985
4384,505,4430,384511,516,4465
8067,271,8105,218517,274,8128
1903,285,1909,200960,285,1923
2877,438,2884,228117,438,2900
8633,1844,8810,886552,1994,9220
2229,362,2231,138386,362,2237
3742,277,3748,288791,280,3772
3518,653,3534,285163,660,3548
2094,98,2104,142890,99,2112
5057,465,5070,207752,474,5100
3260,439,3299,289082,457,3344
5419,512,5443,280508,542,5520
4451,360,4465,258939,371,4502
3012,474,3025,227584,478,3037
2774,82,2800,194362,85,2869
3247,207,3260,211032,207,3264
3867,412,3946,227324,438,4111
1244,191,1247,120273,193,1257
29607,3519,31292,3616283,3963,33505
1958,161,1964,107743,162,1971
11714,408,11868,389921,424,12333
7780,485,7837,422138,487,7881
2873,374,3125,324672,415,3504
3168,287,3190,175954,290,3225
3747,112,3802,240736,112,3836
13280,425,13571,796319,449,13824
1337,175,1338,145982,175,1345
1871,722,1889,222347,725,1903
4899,302,5089,683622,312,5199
3889,255,3901,199812,257,3918
584,103,589,85517,104,595
1503,88,1508,79875,88,1515
1000,120,1006,129901,120,1008
2108,69,2117,74693,70,2125
2693,212,2710,204451,213,2717
7109,284,7175,351576,287,7206
5068,172,5327,500128,192,5650
7589,2550,7707,864913,2599,7786
4028,130,4067,194923,136,4106
3439,167,3469,241028,168,3485
2049,251,2079,202845,257,2096
7222,922,7433,644378,1011,7843
2846,238,2856,169715,239,2868
72081,2449,95086,10627211,3391,110795
2061,267,2071,204952,268,2081
865,67,871,103447,67,884
1096,215,1107,119369,215,1114
6135,222,6187,245817,223,6210
34700,3258,35172,3812224,3339,35411
621,50,636,153020,52,641
1727,392,1754,253925,393,1761
7417,207,7546,609833,212,7621
6233,421,6300,409547,427,6342
2772,378,2803,278423,380,2812
194892,7158,198457,13307080,7310,199802
114,12,120,27344,12,123
3102,835,3207,627029,851,3347
2075,189,2094,260400,190,2100
875,169,881,83770,169,882
5089,1106,5233,906659,1144,5464
1511,714,1534,301532,714,1536
2963,948,3019,1062927,970,3068
4164,388,4222,384647,391,4248
4858,250,4901,262580,250,4915
1462,160,1491,159440,160,1499
1823,339,1861,180440,342,1868
4522,424,4619,530676,428,4656
2029,113,2056,175453,113,2090
7850,1318,8093,636032,1395,8227
7504,239,7584,401314,245,7621
10213,818,10305,491475,828,10342
85958,32310,90054,21834142,35163,93389
2859,455,3177,898292,555,3824
1134,223,1144,106263,223,1148
8030,1644,8133,621060,1656,8175
3698,244,3760,308911,246,3777
4360,1505,4396,765301,1513,4406
40109,15816,44424,9416771,18420,47756
1939,35,1959,95667,35,1965
1827,598,1871,344339,604,1903
38223,1555,40118,2928883,1652,40981
13478,602,13564,375364,609,13616
4658,602,4744,452825,620,4803
1253,39,1266,77537,39,1277
12930,444,13061,376810,454,13217
8041,3425,8256,1292620,3618,8511
6209,362,6264,299914,364,6284
17535,1267,18300,1412160,1460,19135
1770,48,1795,101482,50,1829
5786,185,5821,200989,192,5863
1609,395,1627,194033,396,1634
7213,616,7302,260268,624,7371
8406,308,8481,314375,313,8620
1577,105,1581,127507,106,1586
32095,4378,37599,5915009,5380,41474
2256,151,2269,150486,155,2301
11952,370,12130,767557,385,12191
7548,365,8291,515706,484,10806
5423,824,5582,744515,867,5829
2065,989,2097,379968,999,2121
818,38,827,143025,42,831
3765,371,3904,465468,412,4288
5979,374,6010,250144,376,6036
843,18,851,111861,19,853
1760,44,1772,82904,44,1777
8049,198,8107,440357,198,8119
9827,215,9875,360536,215,9913
2692,79,2719,144140,83,2734
7556,592,7650,421347,624,7761
3910,578,3940,302823,581,3981
2353,208,2369,128800,208,2376
1863,196,1896,189760,199,1919
485,92,491,77979,93,493
2107,27,2118,120510,27,2124
3389,632,3419,464457,637,3431
2458,764,2479,375651,780,2497
2791,110,2845,137197,113,2879
2333,172,2384,101212,173,2398
12299,663,12836,1315708,729,13151
7786,1058,10737,2354301,1316,12482
2069,394,2079,105258,395,2086
1244,82,1281,174728,83,1303
2269,328,2288,170016,334,2307
4206,325,4237,311781,329,4265
12262,3330,12772,1651801,3574,13161
3478,137,3505,224940,138,3519
3679,76,3719,159248,77,3746
1630,31,1641,58384,32,1649
1743,102,1749,75711,102,1751
4825,1202,4846,324867,1213,4858
2442,672,2485,280210,678,2510
3676,162,3706,190544,167,3733
6249,491,6303,546351,501,6377
2343,395,2454,602723,442,2634
13073,323,13153,405605,323,13202
2013,154,2019,148149,155,2024
1789,143,1804,95421,148,1808
6175,136,6283,312672,143,6335
8605,394,8753,270140,406,8829
1620,56,1645,99284,56,1651
1382,217,1391,159503,219,1401
3271,398,3296,129202,401,3308
2579,125,2605,80757,126,2618
201618,37303,223481,25205683,42357,242966
6414,296,6500,351442,310,6614
7247,1564,7303,461719,1598,7410
20823,885,21867,942147,950,22926
1204,134,1208,80948,135,1214
5310,172,5369,197789,173,5405
1497,28,1518,89828,28,1522
15232,559,16809,958508,690,19560
29355,2476,34564,3581827,3434,39370
2202,255,2239,215883,257,2246
2286,178,2302,178565,178,2310
4105,490,4157,333167,535,4290
5594,1868,5662,687410,1934,5822
3355,121,3382,165133,122,3403
1162,109,1173,104244,111,1178
5720,243,5820,252667,245,5851
1338,44,1759,104867,84,2414
2335,184,2361,128227,186,2381
2580,81,2595,113687,81,2600
566,76,580,62750,76,585
4386,101,4440,187117,105,4488
1292,221,1303,193105,222,1311
4845,142,4934,338037,145,4956
11956,2141,13254,1826766,2527,14303
4235,110,4269,193603,110,4283
4259,850,4393,525264,898,4629
1334,195,1339,121792,197,1345
1364,201,1382,165912,201,1387
2377,426,2411,359626,438,2430
2184,172,2189,247156,172,2197
1523,176,1533,118427,177,1537
103631,18966,104072,18398638,18993,104660
953,12,961,50955,12,967
11317,427,11696,730469,469,12247
10002,226,10434,411230,247,11172
3697,249,3724,226915,251,3730
2439,73,2455,157161,73,2465
7507,948,7646,636340,1024,8118
4724,389,4774,220330,393,4793
1984,71,1991,125996,71,1995
1176,70,1196,115403,71,1214
2857,423,2999,333706,443,3118
1646,259,1681,194319,259,1688
28574,1820,28962,2703535,1844,29243
3367,320,3386,162868,324,3396
6987,1651,7161,908771,1797,7713
6177,1097,6586,948692,1240,6951
2326,494,2369,346484,525,2476
20700,1071,20962,1365185,1102,21133
5067,132,5428,322151,144,5463
6485,308,6643,337054,337,7042
4673,291,4754,336254,299,4773
2267,268,2295,173457,269,2307
6243,395,6791,755831,465,7783
3306,303,3321,242454,305,3336
1212,123,1220,114017,123,1225
8903,1000,9245,1602475,1150,9778
5118,353,5178,441579,388,5356
2679,217,2699,138274,221,2713
1566,62,1586,54601,62,1600
2188,129,2197,131094,129,2202
1889,35,1896,86810,36,1924
1369,295,1380,179766,296,1382
1667,186,1690,205738,187,1695
747,306,758,103893,308,764
1953,206,1986,175746,209,1993
6740,250,7617,398463,310,8768
41234,15008,42876,6298133,15865,44126
3335,378,3344,279070,382,3358
14683,787,20795,1679409,1261,27356
1898,268,1907,193787,270,1916
5135,272,5160,582076,274,5176
7298,616,7357,385505,621,7394
1730,158,1738,114298,158,1747
4765,360,4974,406887,379,5075
8602,816,9432,1105138,1113,11182
3820,279,4361,271160,349,5169
822,46,846,89238,46,852
18535,1751,19108,1879154,1856,19642
8629,641,10998,525254,1155,18728
2032,159,2046,194004,162,2051
1414,300,1422,193186,300,1425
5784,783,5801,363994,784,5816
1437,186,1442,117046,186,1443
5566,2108,6006,908898,2494,6567
6380,698,6431,362913,710,6470
711,148,716,81949,148,719
2224,63,2243,70751,64,2256
458,45,462,57815,45,466
4745,227,4866,561487,243,5448
26586,814,29767,1580235,1024,34542
3981,252,4025,262739,253,4053
2924,290,2944,132979,291,2954
2318,29,2332,113075,30,2335
10764,329,11054,573489,353,11316
15427,381,15518,616160,381,15584
3198,446,3216,258002,446,3225
1044,22,1061,76629,23,1076
2847,136,2863,206393,140,2880
3868,289,3884,299330,294,3902
2521,74,2547,127929,75,2567
10393,1202,11291,712789,1520,12638
3879,472,3933,359315,497,3989
21333,893,28406,1595031,1229,33574
2618,452,2635,282029,459,2647
3901,104,3937,168536,105,3947
2057,364,2060,168190,364,2061
4696,150,4727,349565,151,4748
10312,133,12690,555662,195,20306
16561,496,16821,528260,507,17065
4943,143,4978,243127,144,4990
8064,506,9043,685204,695,11735
1508,248,1520,130122,249,1529
5385,264,5711,450168,371,6585
4659,533,4713,584629,593,4830
2602,856,2758,368713,942,2873
3686,309,4764,934097,678,7825
2995,563,3072,358466,583,3143
3130,532,3149,187688,533,3165
2549,92,2564,92238,92,2572
2795,132,2811,188748,133,2820
1825,195,1949,197047,219,2250
6606,172,6886,430604,206,7880
1879,47,1894,119325,47,1904
5493,482,5611,336417,499,5666
3534,389,3553,257038,390,3564
2657,227,2699,216612,234,2715
3237,371,3357,542428,410,3629
6627,300,6913,509237,397,8449
3464,286,3514,346807,292,3574
802,66,805,103207,66,812
1462,482,1470,164884,513,1515
2112,111,2175,355089,131,2379
3356,255,3512,353797,276,3840
1835,110,1925,255070,134,2126
2911,579,2945,349954,584,2984
6944,157,7806,388584,198,8611
10064,552,10390,1184631,570,10537
1494,408,1497,198996,410,1499
1117,319,1122,117564,319,1124
4195,772,4311,515609,802,4453
1521,231,1575,194540,233,1584
6139,983,6272,935966,1054,6424
2772,223,2827,313746,225,2838
6031,975,6184,661008,1006,6305
2842,89,2886,175344,90,2905
3061,198,3082,151006,200,3097
1808,737,1839,215742,742,1848
897,287,912,63640,293,921
422,280,427,68802,290,430
453,73,462,16204,74,466
175,25,178,5211,25,182
615,149,619,43345,153,630
522,189,529,21330,189,531
881,340,893,109896,342,897
239,46,241,5037,47,243
1021,173,1032,60759,177,1044
1325,336,1379,94000,342,1430
204,136,206,14428,137,206
544,95,546,27331,98,557
813,245,814,30545,248,827
231,39,233,8779,41,233
180,21,183,11927,22,185
1083,67,1145,35583,72,1181
640,120,642,20709,123,649
945,178,950,51389,179,951
340,45,342,12165,45,343
787,94,791,28241,94,794
317,84,318,14600,84,319
1014,203,1027,58423,207,1038
1133,188,1135,20209,188,1141
232,12,233,3784,12,233
615,276,616,25008,277,617
2084,124,2088,21733,125,2101
708,69,712,17624,71,750
167,118,167,4715,118,167
176,29,177,6776,29,178
3110,194,3244,206149,208,3509
1918,288,1990,130428,317,2121
286,131,287,9291,133,287
522,216,522,27172,219,529
403,127,403,9517,128,404
174,114,174,8652,115,174
354,210,354,14157,210,356
681,196,690,21938,229,774
364,103,366,18870,108,404
933,235,939,32090,239,966
607,213,610,13862,214,622
554,108,554,8388,108,558
386,118,389,23931,120,397
496,65,499,11646,66,503
2074,47,2083,79355,47,2094
150,8,151,4129,8,154
86,15,87,2277,15,87
327,56,329,7819,57,333
490,86,494,17923,86,509
223,15,228,5292,15,231
865,101,927,46945,136,1062
1650,173,1801,71094,204,1991
277,54,277,11071,54,278
2790,346,2964,321176,361,3122
2603,261,2613,50595,262,2629
876,365,879,35601,365,882
1596,85,1600,25073,85,1606
648,215,657,28873,217,662
259,92,259,10726,92,262
2379,493,2403,209827,513,2442
4059,351,6045,1398858,539,8872
1026,158,1029,21947,158,1033
203,64,203,8263,64,205
307,73,307,7045,73,307
844,153,848,18619,154,856
714,217,715,13370,217,716
766,53,769,28473,53,773
286,111,286,10464,112,288
2876,389,2951,193443,418,3148
55,10,56,1528,10,58
3736,284,3911,480876,343,4080
1278,236,1287,33957,236,1292
868,148,934,133424,204,1195
216,89,217,32637,89,219
226,33,228,15513,33,230
511,89,517,70340,89,521
100,18,104,5015,18,104
660,228,664,141683,230,668
290,47,293,17661,47,293
446,79,450,22796,80,452
2637,521,2703,476008,538,2758
793,173,798,45638,175,800
232,45,233,21041,45,233
1306,360,1328,129504,366,1352
304,136,305,22818,137,306
157,53,158,12549,53,158
1369,139,1405,117785,141,1441
409,155,419,23022,159,420
359,72,363,46437,74,365
421,122,424,40740,124,429
298,103,300,35609,105,301
286,46,286,14978,46,289
682,128,687,38492,129,692
415,78,422,30322,80,427
2025,159,2034,86571,159,2044
257,71,260,22861,72,265
712,172,714,38095,174,715
441,39,449,14882,39,456
1142,200,1246,275892,246,1365
338,59,340,20642,61,347
1419,304,1461,340033,314,1506
562,208,607,178145,466,995
270,94,290,58469,129,327
432,130,450,21642,133,464
1264,499,1280,149246,509,1290
600,209,614,20741,211,627
2287,266,2340,134864,271,2367
2097,132,2139,51330,136,2159
743,174,761,42511,176,764
1419,160,1441,34391,163,1450
1332,573,1349,211952,587,1371
1380,89,1442,92711,98,1572
769,156,778,36554,158,785
752,102,761,25826,106,767
490,96,493,12618,96,494
2722,249,2787,182086,254,2835
2074,207,2101,121901,208,2118
905,159,922,42723,159,927
396,312,399,50896,318,400
191,52,192,9511,52,192
498,291,516,23022,296,522
467,23,478,23743,24,497
2003,101,2014,58835,102,2020
224,119,229,7989,119,229
615,136,626,37241,157,670
1129,86,1135,16786,86,1150
457,118,462,20056,118,466
282,83,295,23202,83,316
749,110,758,23748,112,767
349,127,351,13017,127,354
257,123,260,15861,124,262
1551,124,1564,39338,125,1576
680,84,689,18756,85,698
385,214,387,15292,215,389
248,175,250,20314,180,261
1314,133,1513,119383,143,1710
3591,204,3651,437689,209,3753
1165,310,1185,86414,342,1269
891,121,896,29555,127,935
304,44,305,12747,44,307
361,58,362,13786,58,370
1540,118,1564,106263,123,1599
693,80,697,24080,80,740
421,104,427,24313,108,440
361,99,369,29112,105,409
1431,125,1440,36368,126,1479
970,119,982,38133,129,1113
452,40,457,12616,40,472
970,75,975,32747,75,983
1464,300,1506,116392,303,1520
523,98,558,28465,100,576
932,251,996,38902,252,1001
330,42,362,11878,43,365
703,54,721,22932,54,722
199,17,208,10305,17,208
285,41,303,31542,42,307
616,52,647,20705,52,660
415,83,429,21749,87,434
796,53,840,30882,56,846
1638,147,1775,66138,154,1799
1778,393,1817,75105,396,1825
1962,89,1986,50259,89,1991
8314,296,10216,865684,420,14202
669,50,685,31747,51,699
385,149,420,133021,219,562
1564,151,1587,140671,151,1597
1042,154,1182,181414,244,1514
1234,150,1246,69409,152,1255
1912,352,2022,327687,384,2102
472,112,479,53659,112,483
360614,17834,392149,27324419,20975,429187
580,84,591,69582,87,591
1026,97,1039,61752,97,1045
2421,107,2456,70866,108,2475
1764,119,1789,117070,124,1814
386,74,391,25593,74,391
334,81,337,22700,82,340
254,56,256,18987,56,258
767,214,778,72851,214,782
1259,187,1278,40343,188,1284
502,95,508,24241,96,509
7021,398,7407,897933,440,7829
1066,141,1072,26418,142,1074
1075,123,1086,27277,125,1104
256,37,262,20882,37,264
264,35,268,14653,35,271
249,59,253,8462,60,253
1119,97,1177,112019,111,1233
3666,335,4747,923377,490,6426
500,121,516,22864,121,522
9417,501,9891,474773,532,10269
409,50,426,31495,51,433
1030,325,1069,71408,337,1089
1513,106,1548,41157,107,1561
672,99,686,24474,100,700
770,386,771,31644,387,774
489,115,502,36667,117,526
319,26,328,17633,27,341
351,77,364,26201,82,377
465,134,466,25178,135,471
398,59,402,24538,60,409
873,87,882,64487,87,888
426,72,445,22354,72,456
629,67,637,24173,69,657
1865,318,1873,81191,319,1881
382,51,384,0,51,388
669,188,671,0,189,675
65,9,65,0,9,67
1411,275,1417,0,277,1419
220,90,222,27778,90,223
4502,1957,5121,1085834,2395,5779
484,37,485,24832,37,486
509,156,510,26407,156,511
115,33,116,12854,33,117
223,33,223,9999,33,223
415,34,415,0,34,419
216,13,218,0,13,221
2747,359,2753,109715,364,2763
429,72,430,26432,72,433
187,26,187,14412,26,189
1621,139,1637,0,150,1671
2165,237,2171,0,246,2194
627,118,628,35027,119,630
262,94,266,27778,95,271
181,56,181,0,56,182
74,17,74,8045,17,74
163,19,163,0,19,165
314,8,314,15492,8,314
179,15,181,13860,15,181
83,42,83,0,42,83
57,55,57,10241,55,57
94,26,95,0,27,95
74,23,75,15963,23,75
93,11,94,0,11,94
101,10,101,11124,10,101
256,35,257,16424,35,257
1125,139,1130,45368,142,1134
700,108,702,39001,109,707
338,43,340,7584,43,343
1209,93,1219,52266,98,1228
53,1,54,9990,1,54
474,123,475,33535,124,480
518,94,519,38739,95,520
588,215,612,61710,225,638
31,2,31,2241,2,31
66,25,68,11279,25,68
344,192,348,25137,193,354
86,73,86,15116,73,88
210,28,212,18343,28,212
25,5,25,3914,5,25
325,238,326,36343,243,332
148,23,148,20590,23,148
98,55,98,10766,55,98
975,69,980,34464,69,981
229,27,231,12666,27,232
425,70,426,18458,72,426
226,58,228,14501,58,228
558,114,561,47370,117,561
490,173,494,23571,174,494
812,56,824,17005,60,830
698,102,700,28281,102,702
1886,239,1932,100390,249,1976
245,54,245,18507,54,248
421,262,432,95946,279,447
320,81,322,21490,82,322
534,74,542,23639,75,549
183,22,184,16468,22,184
195,66,196,17697,66,196
516,194,517,42680,194,517
388,109,389,47268,110,390
487,179,495,78709,182,503
1862,99,1869,73032,102,1877
783,59,785,45777,59,785
507,249,508,36380,252,510
195,56,195,22252,56,195
369,61,369,22025,62,370
145,53,145,18380,53,146
2446,268,2460,131231,269,2474
205,37,205,12163,37,206
210,32,210,24187,32,211
151,34,151,25023,34,152
365,38,366,45063,38,367
327,85,327,28431,85,327
144,71,145,16044,73,146
101,56,102,14128,57,102
852,49,853,54028,49,859
118,23,118,12445,23,118
49,19,50,8919,19,50
355,29,356,22546,29,358
2193,303,2235,187847,308,2270
1067,527,1069,68794,533,1074
1762,73,1767,85926,73,1780
530,265,534,45191,266,537
25,5,25,3791,5,25
1485,310,1504,99272,321,1543
1152,269,1154,51659,273,1156
255,35,255,23060,35,255
244,62,270,20644,79,363
4560,472,4837,437248,509,4970
397,35,398,18844,35,398
283,153,284,25529,158,285
89,30,89,12340,30,89
98,44,99,16136,44,99
89,17,89,11953,17,89
48,18,48,14344,18,48
81,14,82,15989,14,83
155,15,156,7648,16,157
133,88,151,11837,127,198
42,7,42,3549,7,42
147,32,148,11992,32,148
1580,314,1588,84519,317,1594
81,31,81,10431,31,81
324,77,324,23142,78,325
215,75,217,21990,75,219
454,183,458,46608,183,461
537,128,539,31236,130,543
831,334,836,86466,336,851
398,120,413,57671,120,422
68,15,68,9712,15,68
1253,148,1257,65998,153,1274
32069,1965,32689,1299048,2046,33117
351,126,353,34012,126,354
263,24,265,17328,24,265
978,108,982,43171,109,983
561,57,565,29137,57,565
699,134,703,44671,136,713
652,67,653,28985,72,661
420,341,423,49087,341,423
445,332,450,84201,336,454
421,55,422,15881,56,422
91,5,95,8164,5,95
243,59,243,18391,59,247
479,141,486,32648,143,491
208,49,212,16262,51,216
283,69,285,18848,70,285
695,73,700,32520,73,705
704,97,710,38494,99,724
1335,358,1347,67726,362,1350
697,85,701,33129,87,701
339,40,341,20523,40,348
1866,174,1876,50400,176,1880
553,129,554,31853,129,555
606,72,615,40297,73,620
846,188,852,34677,188,853
680,170,682,43948,172,684
1493,128,1507,60294,140,1588
483,165,505,84505,180,570
503,52,504,22178,52,508
760,67,764,45929,67,767
356,73,357,17756,73,358
158,21,159,5508,21,159
425,36,430,33792,36,430
218,43,222,20571,43,224
238,81,239,31654,82,240
55,7,55,5485,7,55
242,51,242,15658,51,242
823,717,827,84058,724,831
6674,1081,7965,997905,1595,9950
203,54,203,25076,55,207
1260,416,1266,87555,417,1269
417,27,418,15565,27,418
461,64,466,31459,64,469
2353,147,2369,71359,152,2412
191,15,202,10935,19,244
237,46,238,18005,46,241
706,147,849,133527,185,991
1111,61,1119,36493,63,1128
55,13,55,5407,13,56
102,16,102,4269,16,102
34,2,34,3006,2,35
1711,156,1739,70730,164,1769
737,85,744,32871,86,746
686,33,692,37754,36,706
132,36,133,8740,37,137
1039,91,1042,48294,92,1047
77,10,79,7880,10,80
217,44,221,17521,44,225
1670,123,1680,57448,123,1684
350,207,357,30508,208,361
139,13,139,10992,13,140
175,62,177,15233,62,179
218,23,218,16865,23,219
133,20,134,6039,20,135
306,60,307,21637,60,309
250,32,252,18431,32,253
454,111,455,24251,111,456
135,22,138,12109,24,139
280,103,283,25388,104,284
118,28,119,13196,28,119
64,14,65,6512,14,65
294,103,295,15606,103,295
110,12,111,6217,12,111
79,23,81,4850,23,84
517,82,530,29235,84,530
2280,190,2317,140899,199,2346
489,48,503,37387,52,535
400,49,403,27418,49,404
3262,720,3280,178873,731,3301
279,53,281,19098,53,281
1433,86,1436,39759,87,1438
536,130,538,37219,134,539
1398,355,1414,88720,358,1418
475,76,476,32908,76,478
496,68,509,29990,71,523
963,88,968,43802,90,981
853,62,861,46261,62,862
73,3,75,11110,3,75
381,38,383,29804,38,384
690,66,698,35927,67,701
1140,478,1153,72115,485,1169
887,203,895,60147,211,907
194,61,195,20319,61,195
124,12,125,4456,12,125
2033,448,2045,129954,450,2059
2088,71,2090,36232,71,2090
644,45,645,32497,45,645
332,30,334,20598,30,334
1991,83,1994,31651,84,1997
325,144,326,32351,145,326
370,151,375,30103,151,375
998,93,1007,39444,95,1020
192,32,194,27119,32,195
878,53,881,33341,54,881
167,49,168,8554,49,168
170,85,171,19993,85,171
380,75,383,31471,76,384
304,38,309,16374,38,309
239,100,242,27505,100,244
131,40,132,9796,40,132
512,69,513,26078,69,514
800,276,801,33607,278,803
724,225,725,41853,225,728
471,92,473,27870,92,473
765,106,769,51885,108,772
1866,425,1892,103909,433,1912
1270,143,1273,64378,145,1278
218,90,218,19874,90,218
1278,115,1292,41997,115,1299
640,52,642,23414,54,644
504,85,507,29358,85,509
55,30,60,8561,54,70
613,139,616,32918,142,623
764,146,767,36488,148,773
976,390,980,51142,408,995
1572,112,1579,64851,115,1584
973,274,976,61936,275,976
322,163,325,20487,163,328
309,42,310,24519,42,310
120,29,120,17085,29,121
120,22,122,7619,23,122
174,35,176,11075,35,177
28,8,28,2266,8,28
782,342,784,36583,346,786
956,107,1010,88545,112,1024
141,49,142,19420,49,142
200,36,202,13297,37,203
433,145,435,34874,145,435
735,77,750,45322,81,762
86,16,87,3142,16,88
471,157,471,24406,158,473
363,69,365,27307,70,366
662,482,684,47675,491,699
1660,115,1669,73698,115,1677
1081,403,1087,82015,405,1090
39,4,39,3344,4,39
307,37,309,18338,37,310
590,212,593,50996,214,596
404,78,415,27430,81,425
648,283,660,89087,298,683
1540,94,1557,65711,96,1568
362,179,366,34042,180,372
590,41,601,30213,43,620
210,16,211,12933,16,211
656,194,664,35631,198,669
324,111,325,23988,111,325
108,14,108,6079,14,109
383,104,384,25534,106,390
70,6,72,4926,6,73
618,165,619,27069,165,622
118,23,119,19163,23,119
244,40,245,17499,40,247
101,10,101,22123,10,102
535,56,537,36511,56,540
48,6,48,2962,6,49
213,19,213,21620,19,213
202,42,202,24343,42,202
177,8,178,20043,8,178
88,16,89,9582,17,90
339,57,339,24037,57,339
345,17,346,31147,17,347
366,57,367,22896,58,367
16,2,16,2315,2,16
619,189,619,51834,190,619
117,13,117,16027,13,117
121,25,121,15278,25,121
197,54,197,55766,54,203
327,217,328,29978,223,328
227,20,227,17589,20,227
22,8,24,3386,8,25
71,8,71,10609,8,71
166,32,167,18374,32,168
259,60,261,18894,60,261
508,171,511,36298,172,514
125,10,126,15056,10,127
378,42,379,24378,43,390
853,165,857,46719,166,861
638,98,640,31632,98,641
69,8,69,2947,8,69
82,24,83,6400,25,85
584,63,591,22099,63,595
456,151,457,27950,152,459
242,110,246,33861,111,249
805,94,808,50102,94,810
650,79,650,28815,79,653
730,73,733,32716,73,734
498,42,501,25044,42,501
83,33,87,14766,33,87
70,18,76,4880,18,77
296,53,296,29138,53,297
90,7,91,3678,11,104
314,165,318,44084,170,322
128,16,128,14405,16,128
260,86,269,26659,90,276
321,120,321,31553,120,326
81,34,81,12359,34,82
270,103,271,30492,104,273
276,15,277,10296,15,278
302,48,302,21398,49,307
523,59,528,19674,60,528
91,21,92,11775,21,93
63,4,63,6551,4,63
210,15,212,9751,15,212
485,124,488,24603,125,488
253,109,256,22467,110,259
3482,173,3517,112655,175,3576
377,108,378,26316,108,380
501,60,503,24794,60,503
427,110,427,27177,111,430
347,193,354,58828,197,359
305,116,306,34235,117,307
528,39,529,27861,40,530
215,74,215,12810,74,215
266,29,266,15868,29,267
257,51,258,13509,51,258
231,63,232,13124,63,233
857,93,867,47831,93,869
228,30,233,13915,30,234
274,143,274,45747,143,274
670,83,672,27029,83,674
1342,285,1351,68152,285,1353
567,72,570,32997,72,571
154,44,154,22765,44,154
1184,153,1186,50654,153,1187
119,20,120,7409,21,120
171,51,173,17991,53,173
183,60,183,16780,60,183
841,54,911,43526,65,1015
407,41,408,22386,42,409
115,57,115,14172,57,115
57,11,57,3248,11,58
589,83,592,33476,83,594
115,27,115,14970,27,115
373,105,375,24535,105,375
249,73,250,15728,73,251
189,34,194,14845,34,197
576,50,579,43854,50,583
170,25,170,4715,25,170
428,69,432,19860,72,435
349,44,350,16974,45,351
470,161,489,67954,163,491
168,29,169,15164,29,169
358,135,365,53801,136,368
765,49,773,29503,49,775
